{
    "HEIGHT": 300,
    "WIDTH": 400,
    "OBSTACLES": [[[380,280], [340,280], [340,270], [380,270]],
                  [[310,280], [70,280], [70,270], [310,270]],
                  [[70,270], [70,170], [80,170], [80,270]],
                  [[80,170], [180,170], [180,180], [80,180]],
                  [[180,180], [180,210], [170,210], [170,180]],
                  [[180,270], [180,240], [170,240], [170,270]],
                  [[180,180], [210,180], [210,170], [180,170]],
                  [[240,170], [380,170], [380,180], [240,180]],
                  [[270,180], [270,270], [280,270], [280,180]],
                  [[380,270], [380,180], [370,180], [370,270]],
                  [[170,170], [170,70], [180,70], [180,170]],
                  [[380,170], [380,70], [370,70], [370,170]],
                  [[270,170], [270,140], [280,140], [280,170]],
                  [[370,70], [340,70], [340,80], [370,80]],
                  [[310,70], [180,70], [180,80], [310,80]],
                  [[270,110], [280,110], [280,80], [270,80]]],
    "START": [250,50],
    "GOAL": [100, 200]
}